<keymap version="1" name="Default copy" parent="$default">
  <action id="ExpandDocComments">
    <keyboard-shortcut first-keystroke="shift ctrl caps_lock" />
  </action>
  <action id="FindUsages">
    <keyboard-shortcut first-keystroke="alt f7" />
    <keyboard-shortcut first-keystroke="ctrl alt 2" />
  </action>
  <action id="FixDocComment">
    <keyboard-shortcut first-keystroke="shift ctrl 8" />
    <keyboard-shortcut first-keystroke="ctrl alt 8" />
  </action>
  <action id="Generate">
    <keyboard-shortcut first-keystroke="alt insert" />
    <keyboard-shortcut first-keystroke="ctrl alt 9" />
  </action>
  <action id="GotoDeclaration">
    <keyboard-shortcut first-keystroke="ctrl b" />
    <mouse-shortcut keystroke="control button1" />
    <mouse-shortcut keystroke="button2" />
    <keyboard-shortcut first-keystroke="ctrl alt 3" />
  </action>
  <action id="Macro.AutoReformation(;)">
    <keyboard-shortcut first-keystroke="semicolon" />
  </action>
  <action id="QuickImplementations">
    <keyboard-shortcut first-keystroke="shift ctrl i" />
    <keyboard-shortcut first-keystroke="ctrl alt 5" />
  </action>
  <action id="QuickJavaDoc">
    <keyboard-shortcut first-keystroke="ctrl q" />
    <mouse-shortcut keystroke="alt button2" />
    <keyboard-shortcut first-keystroke="ctrl alt 1" />
  </action>
  <action id="Refactorings.QuickListPopupAction">
    <keyboard-shortcut first-keystroke="shift ctrl alt t" />
    <keyboard-shortcut first-keystroke="ctrl alt 6" />
  </action>
  <action id="SurroundWith">
    <keyboard-shortcut first-keystroke="ctrl alt t" />
    <keyboard-shortcut first-keystroke="ctrl alt 7" />
  </action>
  <action id="ToggleBookmark8" />
  <action id="TypeHierarchy">
    <keyboard-shortcut first-keystroke="ctrl h" />
    <keyboard-shortcut first-keystroke="ctrl alt 4" />
  </action>
  <action id="leoklo.StackTraceToUML.open.text" />
  <action id="leoklo.StackTraceToUML.open.window" />
</keymap>