<application>
  <component name="DefaultFont">
    <option name="FONT_SIZE" value="14" />
    <option name="FONT_FAMILY" value="Yandex Sans Text Regular" />
    <option name="LINE_SPACING" value="1.2" />
    <option name="SECONDARY_FONT_FAMILY" value="Consolas" />
  </component>
  <component name="EditorSettings">
    <option name="USE_SOFT_WRAPS" value="CONSOLE" />
  </component>
  <component name="LiveEditOptions" chromeUpdateJSOnChanges="true" nodeUpdateOnChanges="true" restartIfHotSwapFailed="true" useJBChromeExtension="true">
    <option name="elementHighlighting" value="true" />
  </component>
</application>