<application>
  <component name="FindSettings">
    <option name="customScope" value="All Places" />
    <option name="defaultScopeName" value="All Places" />
    <option name="fromCursor" value="false" />
    <option name="localWholeWordsOnly" value="true" />
    <option name="wholeWordsOnly" value="true" />
    <option name="FIND_ORIGIN" value="entire_scope" />
    <option name="WHOLE_WORDS_ONLY" value="true" />
    <option name="LOCAL_WHOLE_WORDS_ONLY" value="true" />
    <option name="SEARCH_SCOPE" value="All Places" />
  </component>
</application>