<application>
  <component name="MaterialThemeConfig">
    <option name="arrowsStyle" value="Arrows" />
    <option name="darkTitleBar" value="true" />
    <option name="hideFileIcons" value="true" />
    <option name="isWizardShown" value="true" />
    <option name="useMaterialFont2" value="true" />
    <option name="accentColor" value="42a5f5" />
    <option name="selectedTheme" value="ARC_DARK" />
    <option name="userId" value="6b410035:16a93dcc269:-8000" />
    <option name="version" value="3.9.4" />
  </component>
</application>