<application>
  <component name="DefaultFont">
    <option name="FONT_SIZE" value="16" />
    <option name="FONT_FAMILY" value="Pragmata Pro Mono Regular" />
    <option name="SECONDARY_FONT_FAMILY" value="Pragmata Pro Mono Italic" />
  </component>
  <component name="EditorSettings">
    <option name="USE_SOFT_WRAPS" value="CONSOLE:PREVIEW" />
    <option name="SOFT_WRAP_FILE_MASKS" value="*.md; *.txt; *.rst; *.adoc" />
  </component>
  <component name="LiveEditOptions" chromeUpdateJSOnChanges="true" nodeUpdateOnChanges="true" restartIfHotSwapFailed="true" useJBChromeExtension="true">
    <option name="elementHighlighting" value="true" />
  </component>
  <component name="TodoConfiguration">
    <pattern pattern="\b(todo|fixme)\b.*" />
  </component>
</application>